mhclovac,ann,comblib_sidney2008,consensus,netmhcpan_ba,netmhcpan_el,smm,smmpmbec,pickpocket,netmhccons,netmhcstabpan
0.0034662045060658577,0.0,0.07452339688041594,0.0034662045060658577,0.005199306759098787,0.0017331022530329288,0.0017331022530329288,0.005199306759098787,0.010398613518197574,0.0,0.0017331022530329288
0.0,0.0,0.0,0.0,0.0,0.0,0.0,0.0,0.0,0.0,0.0
0.0,0.0,,0.0,0.023923444976076555,0.08133971291866028,0.0,0.0,0.0,0.0,0.0
0.009041591320072333,0.014466546112115732,0.02531645569620253,0.003616636528028933,0.012658227848101266,0.014466546112115732,0.0054249547920434,0.007233273056057866,0.003616636528028933,0.007233273056057866,0.019891500904159132
0.0040650406504065045,0.0040650406504065045,0.0975609756097561,0.0040650406504065045,0.008130081300813009,0.008130081300813009,0.0040650406504065045,0.0,0.032520325203252036,0.008130081300813009,0.04065040650406504
0.0026041666666666665,0.0,,0.0,0.0,0.0,0.0,0.0,0.0,0.0,0.0
0.011400651465798045,0.003257328990228013,,0.003257328990228013,0.004885993485342019,0.0016286644951140066,0.004885993485342019,0.004885993485342019,0.008143322475570033,0.004885993485342019,0.013029315960912053
0.06949152542372881,0.03220338983050847,,0.01694915254237288,0.03728813559322034,0.08983050847457627,0.01694915254237288,0.01694915254237288,0.0423728813559322,0.025423728813559324,0.06440677966101695
0.1299638989169675,0.10830324909747292,,0.12274368231046931,0.0776173285198556,0.08483754512635379,0.34657039711191334,0.04151624548736462,0.039711191335740074,0.05595667870036101,0.07220216606498195
0.5027124773960217,0.13200723327305605,,0.17902350813743217,0.18083182640144665,0.20976491862567812,0.2206148282097649,0.21880650994575046,0.18625678119349007,0.14285714285714285,0.05244122965641953
0.19714964370546317,0.030878859857482184,,0.019002375296912115,0.021377672209026127,0.028503562945368172,0.0023752969121140144,0.0,0.19239904988123516,0.021377672209026127,0.047505938242280284
,,,,,,,,,,
0.0,0.0,0.022988505747126436,0.0,0.0,0.0,0.0,0.0,0.0,0.0,0.0
0.1564625850340136,0.0027210884353741495,,0.0013605442176870747,0.0013605442176870747,0.0013605442176870747,0.0013605442176870747,0.0027210884353741495,0.0,0.006802721088435374,0.0
0.16938775510204082,0.15306122448979592,,0.1489795918367347,0.0020408163265306124,0.0,,,0.0020408163265306124,0.0163265306122449,0.00816326530612245
0.20454545454545456,0.11363636363636363,0.2727272727272727,0.23863636363636365,0.11363636363636363,0.20454545454545456,0.2159090909090909,0.17045454545454544,0.022727272727272728,0.09090909090909091,0.2727272727272727
0.03865378207264245,0.032989003665444855,,0.011996001332889037,0.00866377874041986,0.006997667444185272,0.021326224591802733,0.013328890369876709,0.014995001666111295,0.011329556814395202,0.015661446184605132
0.005797101449275362,0.011594202898550725,0.034782608695652174,0.011594202898550725,0.008695652173913044,0.020289855072463767,0.011594202898550725,0.011594202898550725,0.011594202898550725,0.011594202898550725,0.005797101449275362
0.02109704641350211,0.02109704641350211,0.029535864978902954,0.012658227848101266,0.016877637130801686,0.008438818565400843,0.012658227848101266,0.012658227848101266,0.012658227848101266,0.016877637130801686,0.008438818565400843
0.03829787234042553,0.0,,0.0,0.0,0.0,0.0,0.0,0.00851063829787234,0.0,0.0
0.009057971014492754,0.009057971014492754,,0.0036231884057971015,0.005434782608695652,0.0018115942028985507,0.0036231884057971015,0.005434782608695652,0.007246376811594203,0.0018115942028985507,0.0
0.010869565217391304,0.0015527950310559005,,0.0015527950310559005,0.003105590062111801,0.0015527950310559005,0.0015527950310559005,0.0015527950310559005,0.0,0.003105590062111801,0.0
0.8057596238612988,0.01939465177784308,,,0.0,0.0,,,0.011754334410813987,0.0002938583602703497,0.004407875404055245
0.011990407673860911,0.0,,0.0,0.0,0.0,0.002398081534772182,0.008393285371702638,0.0,0.0,0.0
0.0053639846743295016,0.006130268199233717,0.03524904214559387,0.0038314176245210726,0.0030651340996168583,0.004597701149425287,0.0015325670498084292,0.0015325670498084292,0.0022988505747126436,0.004597701149425287,0.0022988505747126436
0.00823045267489712,0.0,,0.0,0.00411522633744856,0.00411522633744856,0.0,0.0,0.01646090534979424,0.00411522633744856,0.00411522633744856
0.0946271050521251,0.046511627906976744,0.23416198877305533,0.04891740176423416,0.022453889334402566,0.008821170809943865,0.052125100240577385,0.05132317562149158,0.028869286287089013,0.034482758620689655,0.03368083400160385
0.00205761316872428,0.01646090534979424,,0.0102880658436214,0.011169900058788948,0.012051734273956496,0.01440329218106996,0.013227513227513227,0.013227513227513227,0.011169900058788948,0.005584950029394474
0.019975031210986267,0.0024968789013732834,0.02247191011235955,0.004993757802746567,0.006242197253433208,0.0024968789013732834,0.0024968789013732834,0.0024968789013732834,0.011235955056179775,0.003745318352059925,0.004993757802746567
0.014285714285714285,0.0,0.014285714285714285,0.0,0.0,0.0,0.0,0.0,0.0,0.0,0.0
0.0046865846514352666,0.002050380785002929,,0.0029291154071470417,0.00029291154071470416,0.0008787346221441124,0.0035149384885764497,0.0026362038664323375,0.0017574692442882249,0.0005858230814294083,0.0
0.3412698412698413,0.03968253968253968,,0.0,0.015873015873015872,0.007936507936507936,0.007936507936507936,0.015873015873015872,0.007936507936507936,0.007936507936507936,0.007936507936507936
0.0922242314647378,0.02531645569620253,0.10669077757685352,0.0325497287522604,0.018083182640144666,0.0018083182640144665,0.03074141048824593,0.028933092224231464,0.02531645569620253,0.019891500904159132,0.03074141048824593
0.0433996383363472,0.0018083182640144665,0.0108499095840868,0.0054249547920434,0.0018083182640144665,0.0,0.0018083182640144665,0.003616636528028933,0.0,0.0018083182640144665,0.0
0.005649717514124294,0.002824858757062147,,0.002824858757062147,0.0,0.0,,,0.005649717514124294,0.002824858757062147,0.0
0.010245901639344262,0.014344262295081968,,0.06147540983606557,0.00819672131147541,0.010245901639344262,0.13524590163934427,0.16598360655737704,0.0,0.0020491803278688526,0.0
0.03133235724743778,0.01288433382137628,0.008784773060029283,0.006734992679355783,0.007613469985358712,0.007906295754026354,0.009370424597364568,0.009663250366032211,0.036896046852122985,0.009370424597364568,0.005270863836017569
0.01616220981486923,0.004114017043784896,,0.003820158683514546,0.002644725242433147,0.0005877167205406994,0.003820158683514546,0.004407875404055245,0.003526300323244196,0.0023508668821627977,0.0002938583602703497
0.001375515818431912,0.0,,0.001375515818431912,0.001375515818431912,0.0,0.001375515818431912,0.001375515818431912,0.0041265474552957355,0.0,0.001375515818431912
0.22453222453222454,0.04573804573804574,,0.02079002079002079,0.012474012474012475,0.004158004158004158,0.02286902286902287,0.016632016632016633,0.05405405405405406,0.012474012474012475,0.008316008316008316
0.00205761316872428,0.0011757789535567313,,0.0008818342151675485,0.00029394473838918284,0.0,0.00205761316872428,0.0011757789535567313,0.0,0.0005878894767783657,0.0005878894767783657
0.34,0.13333333333333333,,0.12,0.10666666666666667,0.26666666666666666,0.14666666666666667,0.12666666666666668,0.11333333333333333,0.09333333333333334,0.07333333333333333
0.0,0.0,0.0,0.0,0.0,0.0,0.0,0.0,0.0,0.0,0.0034602076124567475
0.0,0.0,0.0,0.0,0.0,0.0,0.0,0.0,0.0,0.009345794392523364,0.0
0.4905149051490515,0.07046070460704607,,,0.06504065040650407,0.08130081300813008,,,0.01084010840108401,0.05420054200542006,0.037940379403794036
0.0650994575045208,0.0379746835443038,0.034358047016274866,0.04159132007233273,0.03616636528028933,0.0433996383363472,0.0379746835443038,0.039783001808318265,0.048824593128390596,0.045207956600361664,0.0325497287522604
0.0009624639076034649,0.0,0.006737247353224254,0.0,0.0,0.0,0.0,0.0,0.0,0.0,0.0038498556304138597
0.023255813953488372,0.014534883720930232,,0.02616279069767442,0.00872093023255814,0.0029069767441860465,0.03197674418604651,0.029069767441860465,0.005813953488372093,0.014534883720930232,0.01744186046511628
0.0,0.0,,0.0009276437847866419,0.0,0.0,0.014842300556586271,0.006493506493506494,0.0009276437847866419,0.0,0.0027829313543599257
,,,,,,,,,,
0.0,0.0,0.01639344262295082,0.0,0.0,0.0,0.0,0.0,0.0,0.0,0.0
0.08503937007874016,0.04094488188976378,,0.04094488188976378,0.01732283464566929,0.012598425196850394,0.04409448818897638,0.047244094488188976,0.07401574803149606,0.02204724409448819,0.02047244094488189
0.14685314685314685,0.02564102564102564,0.2897102897102897,0.02564102564102564,0.033300033300033303,0.03263403263403263,0.028305028305028304,0.03396603396603397,0.004662004662004662,0.01998001998001998,0.022977022977022976
0.0,0.004210526315789474,,0.004210526315789474,0.002105263157894737,0.002105263157894737,0.004210526315789474,0.004210526315789474,0.004210526315789474,0.002105263157894737,0.6210526315789474
0.010498687664041995,0.0026246719160104987,0.06299212598425197,0.007874015748031496,0.015748031496062992,0.02099737532808399,0.0026246719160104987,0.0026246719160104987,0.005249343832020997,0.005249343832020997,0.0026246719160104987
0.49050316561146284,0.000999666777740753,,0.000999666777740753,0.008330556481172943,0.009996667777407531,,,0.14428523825391537,0.0789736754415195,0.37754081972675774
0.06666666666666667,0.03333333333333333,0.07777777777777778,0.044444444444444446,0.022222222222222223,0.0,0.044444444444444446,0.044444444444444446,0.05555555555555555,0.022222222222222223,0.03333333333333333
0.0,0.0,,0.0,0.0,0.0,0.0,0.0,0.011494252873563218,0.0,0.005747126436781609
0.005747126436781609,0.011494252873563218,,0.011494252873563218,0.005747126436781609,0.011494252873563218,0.017241379310344827,0.011494252873563218,0.06896551724137931,0.005747126436781609,0.005747126436781609
0.0,0.0,0.014005602240896359,0.0,0.0,0.0,0.0,0.0,0.0,0.0,0.0
0.107981220657277,0.051643192488262914,0.046948356807511735,0.046948356807511735,0.07511737089201878,0.056338028169014086,0.051643192488262914,0.051643192488262914,0.046948356807511735,0.051643192488262914,0.051643192488262914
0.0,0.03333333333333333,,0.013333333333333334,0.03333333333333333,0.05333333333333334,0.013333333333333334,0.006666666666666667,0.0,0.006666666666666667,0.013333333333333334
0.07202216066481995,0.04709141274238227,0.40166204986149584,0.07202216066481995,0.04986149584487535,0.019390581717451522,0.0664819944598338,0.060941828254847646,0.0332409972299169,0.04709141274238227,0.030470914127423823
0.014344262295081968,0.0,,0.0020491803278688526,0.004098360655737705,0.045081967213114756,0.004098360655737705,0.0,0.04918032786885246,0.004098360655737705,0.036885245901639344
0.006600660066006601,0.0,,0.0,0.0,0.0,0.0,0.0,0.0033003300330033004,0.0,0.0033003300330033004
0.09248554913294797,0.011560693641618497,0.10982658959537572,0.028901734104046242,0.005780346820809248,0.0,0.028901734104046242,0.023121387283236993,0.011560693641618497,0.023121387283236993,0.005780346820809248
0.20040899795501022,0.12065439672801637,0.2822085889570552,0.16359918200409,0.15132924335378323,0.07975460122699386,0.1656441717791411,0.1574642126789366,0.15337423312883436,0.15132924335378323,0.1656441717791411
0.2167689161554192,0.06748466257668712,,0.026584867075664622,0.09815950920245399,0.04703476482617587,0.065439672801636,0.12883435582822086,0.12678936605316973,0.065439672801636,0.21267893660531698
0.0,0.0,,0.0,0.0,0.0,0.0,0.0,0.0,0.0,0.0
0.06578947368421052,0.0,,0.0,0.0,0.0,0.0,0.0,0.0,0.0,0.0
0.046317894035321557,0.0006664445184938354,,0.0006664445184938354,0.0,0.0013328890369876708,0.0013328890369876708,0.002999000333222259,0.0,0.0,0.0003332222592469177
0.013100436681222707,0.001455604075691412,0.1703056768558952,0.004366812227074236,0.004366812227074236,0.002911208151382824,0.004366812227074236,0.004366812227074236,0.005822416302765648,0.002911208151382824,0.002911208151382824
0.20253164556962025,0.13200723327305605,,0.09764918625678119,0.15009041591320071,0.13381555153707053,0.08499095840867993,0.08860759493670886,0.2007233273056058,0.15009041591320071,0.16817359855334538
0.0136986301369863,0.02054794520547945,0.0684931506849315,0.0273972602739726,0.0136986301369863,0.00684931506849315,0.0273972602739726,0.0273972602739726,0.02054794520547945,0.00684931506849315,0.0136986301369863
0.0821917808219178,0.0,0.1232876712328767,0.0,0.0,0.00684931506849315,0.0,0.0,0.0,0.0,0.02054794520547945
0.00881575080811049,0.011166617690273288,0.33940640611225387,0.006464883925947693,0.013223626212165737,0.03790772847487511,0.006464883925947693,0.006464883925947693,0.003526300323244196,0.012929767851895386,0.012342051131354687
,,,,,,,,,,
0.01652892561983471,0.009641873278236915,,0.0027548209366391185,0.008264462809917356,0.0027548209366391185,0.009641873278236915,0.012396694214876033,0.0013774104683195593,0.0027548209366391185,0.004132231404958678
0.0,0.011494252873563218,,0.0028735632183908046,0.008620689655172414,0.011494252873563218,0.005747126436781609,0.014367816091954023,0.034482758620689655,0.0028735632183908046,0.3649425287356322
0.0,0.0,,0.0,0.0,0.0,0.0,0.0,0.0,0.0,0.0
0.0,0.0,,0.0,0.0,0.014285714285714285,0.0,0.0,0.0,0.0,0.0
0.049738219895287955,0.013089005235602094,0.020942408376963352,0.013089005235602094,0.015706806282722512,0.007853403141361256,0.015706806282722512,0.015706806282722512,0.049738219895287955,0.013089005235602094,0.013089005235602094
0.004464285714285714,0.004464285714285714,,0.002232142857142857,0.0033482142857142855,0.002232142857142857,0.002232142857142857,0.002232142857142857,0.002232142857142857,0.005580357142857143,0.004464285714285714
0.0,0.004098360655737705,0.18442622950819673,0.004098360655737705,0.004098360655737705,0.00819672131147541,0.004098360655737705,0.004098360655737705,0.0,0.004098360655737705,0.00819672131147541
0.0005439216752787598,0.0019037258634756595,0.03753059559423443,0.0035354908893119393,0.0002719608376393799,0.0021756867011150393,0.002991569214033179,0.0024476475387544194,0.0024476475387544194,0.0013598041881968997,0.004623334239869459
0.0,0.0,0.18143459915611815,0.004219409282700422,0.0,0.004219409282700422,0.004219409282700422,0.004219409282700422,0.004219409282700422,0.0,0.012658227848101266
0.004597701149425287,0.0022988505747126436,,0.0022988505747126436,0.0022988505747126436,0.0022988505747126436,0.0,0.0,0.004597701149425287,0.0022988505747126436,0.0022988505747126436
0.013824884792626729,0.013824884792626729,,0.37327188940092165,0.0069124423963133645,0.02534562211981567,0.8640552995391705,0.1774193548387097,0.004608294930875576,0.002304147465437788,0.004608294930875576
0.017543859649122806,0.0,0.008771929824561403,0.0,0.0,0.0,0.0,0.0,0.0,0.0,0.03508771929824561
0.016853932584269662,0.008426966292134831,,0.0028089887640449437,0.008426966292134831,0.0056179775280898875,0.0028089887640449437,0.0,0.0,0.0028089887640449437,0.0
0.002253944402704733,0.002253944402704733,,0.0015026296018031556,0.0067618332081141996,0.030803906836964687,0.002253944402704733,0.0015026296018031556,0.0007513148009015778,0.002253944402704733,0.0
0.03514376996805112,0.025559105431309903,0.3226837060702875,0.038338658146964855,0.022364217252396165,0.022364217252396165,0.038338658146964855,0.04153354632587859,0.06389776357827476,0.04153354632587859,0.06389776357827476
0.002617801047120419,0.005235602094240838,0.013089005235602094,0.007853403141361256,0.002617801047120419,0.013089005235602094,0.007853403141361256,0.007853403141361256,0.002617801047120419,0.007853403141361256,0.007853403141361256
0.13360323886639677,0.05668016194331984,0.06072874493927125,0.07692307692307693,0.05668016194331984,0.032388663967611336,0.0728744939271255,0.0728744939271255,0.07692307692307693,0.06477732793522267,0.032388663967611336
0.02945797329143755,0.009033778476040848,,0.003142183817753339,0.00864100549882168,0.01335428122545169,0.0027494108405341712,0.002356637863315004,0.0054988216810683424,0.003142183817753339,0.010604870384917517
0.05102040816326531,0.0,0.32653061224489793,0.0,0.0,0.0,0.0,0.0,0.01020408163265306,0.0,0.01020408163265306
0.010905125408942203,0.010905125408942203,0.03380588876772083,0.013086150490730643,0.008724100327153763,0.0021810250817884407,0.009814612868047983,0.010905125408942203,0.0054525627044711015,0.008724100327153763,0.0054525627044711015
0.00392156862745098,0.00130718954248366,0.14248366013071895,0.00130718954248366,0.00130718954248366,0.01045751633986928,0.00130718954248366,0.00130718954248366,0.0,0.00130718954248366,0.00130718954248366
0.015873015873015872,0.003968253968253968,0.25396825396825395,0.003968253968253968,0.003968253968253968,0.0,0.003968253968253968,0.003968253968253968,0.0,0.003968253968253968,0.007936507936507936
0.03456221198156682,0.01152073732718894,,0.009216589861751152,0.002304147465437788,0.01152073732718894,0.0967741935483871,0.0,0.016129032258064516,0.016129032258064516,0.0069124423963133645
0.015873015873015872,0.0,,0.1984126984126984,0.0,0.031746031746031744,0.6904761904761905,0.07936507936507936,0.0,0.0,0.0
0.028391167192429023,0.0,,0.0,0.0,0.0,0.0,0.0,0.0,0.0,0.0
0.005837711617046118,0.0020431990659661413,,0.0020431990659661413,0.0020431990659661413,0.0035026269702276708,,,0.0017513134851138354,0.0011675423234092236,0.006129597197898424
0.1391304347826087,0.013043478260869565,,0.030434782608695653,0.013043478260869565,0.008695652173913044,0.13478260869565217,0.06956521739130435,0.013043478260869565,0.004347826086956522,0.004347826086956522
0.0413589364844904,0.011816838995568686,0.5790251107828656,0.01772525849335303,0.013293943870014771,0.01624815361890694,0.01624815361890694,0.014771048744460856,0.0206794682422452,0.014771048744460856,0.01624815361890694
0.025649566955363093,0.06095936042638241,,0.029313790806129246,0.072618254497002,0.11825449700199867,0.022651565622918056,0.02465023317788141,0.020986009327115255,0.051299133910726186,0.07161892071952032
0.08791208791208792,0.041625041625041624,0.010656010656010656,0.021645021645021644,0.05094905094905095,0.06260406260406261,0.020646020646020648,0.019314019314019316,0.012654012654012654,0.04495504495504495,0.059940059940059943
0.04909560723514212,0.014987080103359173,0.04289405684754522,0.012403100775193798,0.020155038759689922,0.04237726098191214,0.011886304909560724,0.012403100775193798,0.005684754521963824,0.02428940568475452,0.04599483204134367
0.07339449541284404,0.13761467889908258,,0.14678899082568808,0.11926605504587157,0.07339449541284404,0.13761467889908258,0.12844036697247707,0.1926605504587156,0.11926605504587157,0.1559633027522936
0.06699970614163973,0.0029385836027034967,,0.00999118424919189,0.0,0.0,0.01616220981486923,0.003526300323244196,0.001763150161622098,0.0005877167205406994,0.0
0.005291005291005291,0.0,0.0026455026455026454,0.0,0.0,0.0,0.0,0.0,0.010582010582010581,0.0,0.0026455026455026454
0.006437768240343348,0.012875536480686695,0.034334763948497854,0.01072961373390558,0.004291845493562232,0.0,0.006437768240343348,0.008583690987124463,0.032188841201716736,0.006437768240343348,0.004291845493562232
0.0,0.008281573498964804,0.035196687370600416,0.010351966873706004,0.002070393374741201,0.0,0.010351966873706004,0.010351966873706004,0.026915113871635612,0.002070393374741201,0.031055900621118012
0.009708737864077669,0.038834951456310676,0.1553398058252427,0.038834951456310676,0.009708737864077669,0.0,0.05825242718446602,0.06796116504854369,0.13592233009708737,0.038834951456310676,0.14563106796116504
0.08489722966934764,0.017873100983020553,,0.012511170688114389,0.0160857908847185,0.013404825737265416,0.022341376228775692,0.020554066130473638,0.005361930294906166,0.008936550491510277,0.00804289544235925
0.4530612244897959,0.006122448979591836,,,0.0020408163265306124,0.0020408163265306124,,,0.04285714285714286,0.0020408163265306124,0.09387755102040816
0.003526300323244196,0.0005877167205406994,,0.0005877167205406994,0.0011754334410813989,0.000881575080811049,0.0011754334410813989,0.0005877167205406994,0.0002938583602703497,0.0002938583602703497,0.011460476050543638
0.014508928571428572,0.0078125,,0.013392857142857142,0.0033482142857142855,0.013392857142857142,0.07700892857142858,0.033482142857142856,0.002232142857142857,0.0011160714285714285,0.002232142857142857
0.05223880597014925,0.00589159465828751,,0.005106048703849175,0.003927729772191673,0.0054988216810683424,0.009033778476040848,0.006677140612725845,0.014139827179890024,0.0054988216810683424,0.013747054202670856
0.0,0.0,0.04,0.0,0.0,0.10666666666666667,0.0,0.0,0.0,0.0,0.0
0.03140096618357488,0.016908212560386472,,0.01932367149758454,0.01932367149758454,0.014492753623188406,0.024154589371980676,0.021739130434782608,0.01932367149758454,0.014492753623188406,0.012077294685990338
0.11484290357529794,0.013001083423618635,0.015167930660888408,0.03358613217768147,0.011917659804983749,0.027085590465872156,0.0314192849404117,0.02925243770314193,0.05850487540628386,0.020585048754062838,0.032502708559046585
0.009269988412514484,0.0034762456546929316,0.04866743916570104,0.008111239860950173,0.002317497103128621,0.005793742757821553,0.0034762456546929316,0.0034762456546929316,0.005793742757821553,0.0011587485515643105,0.01738122827346466
0.0,0.0,,0.0,0.0,0.0,0.0,0.0,0.0,0.0,0.0
0.06532147742818058,0.024281805745554035,,0.03317373461012312,0.05027359781121751,0.08378932968536251,0.05540355677154583,0.04411764705882353,0.002051983584131327,0.025649794801641587,0.022571819425444596
0.48125,0.0010416666666666667,,0.004166666666666667,0.0,0.0010416666666666667,0.00625,0.03125,0.004166666666666667,0.0,0.009375
0.0005856515373352855,0.0008784773060029283,,0.0005856515373352855,0.0005856515373352855,0.0029282576866764276,0.0005856515373352855,0.00029282576866764275,0.002342606149341142,0.001171303074670571,0.006734992679355783
0.0,0.00145985401459854,,0.00145985401459854,0.00145985401459854,0.0,0.00145985401459854,0.00145985401459854,0.00583941605839416,0.00145985401459854,0.00291970802919708
0.033809166040571,0.004507888805409466,,0.0007513148009015778,0.004507888805409466,0.0202854996243426,0.0007513148009015778,0.0007513148009015778,0.032306536438767845,0.006010518407212622,0.01652892561983471
0.011837821840781295,0.012429712932820362,0.13761467889908258,0.010062148564664102,0.01361349511689849,0.011837821840781295,0.00858242083456644,0.007694584196507843,0.010654039656703166,0.009174311926605505,0.0017756732761171944
0.025597269624573378,0.011945392491467578,,0.006825938566552901,0.010238907849829351,0.07508532423208192,0.011945392491467578,0.005119453924914676,0.01877133105802048,0.008532423208191127,0.011945392491467578
0.048265460030165915,0.0015082956259426848,,0.0030165912518853697,0.0030165912518853697,0.0015082956259426848,0.0030165912518853697,0.0030165912518853697,0.0015082956259426848,0.0030165912518853697,0.0
0.015625,0.0078125,,0.0078125,0.015625,0.0234375,0.015625,0.015625,0.015625,0.015625,0.0
0.03123564538355535,0.014699127239320165,0.16766192007349565,0.016995865870463943,0.020211299954065228,0.01515847496554892,0.014699127239320165,0.01423977951309141,0.013780431786862656,0.014699127239320165,0.00964630225080386
0.0,0.015384615384615385,,0.015384615384615385,0.015384615384615385,0.015384615384615385,0.015384615384615385,0.015384615384615385,0.03076923076923077,0.015384615384615385,0.0
0.004149377593360996,0.006224066390041493,0.01867219917012448,0.004149377593360996,0.006224066390041493,0.004149377593360996,0.004149377593360996,0.004149377593360996,0.006224066390041493,0.01037344398340249,0.012448132780082987
0.030303030303030304,0.01818181818181818,0.20606060606060606,0.021212121212121213,0.012121212121212121,0.01818181818181818,0.015151515151515152,0.021212121212121213,0.012121212121212121,0.01818181818181818,0.03636363636363636
0.09851694915254237,0.026483050847457626,,0.023305084745762712,0.037076271186440676,0.045550847457627115,0.03177966101694915,0.03389830508474576,0.025423728813559324,0.03389830508474576,0.03389830508474576
0.003526300323244196,0.0029385836027034967,0.02145166029973553,0.0058771672054069935,0.001763150161622098,0.010578900969732588,0.007640317367029092,0.007640317367029092,0.0005877167205406994,0.002644725242433147,0.007640317367029092
0.009041591320072333,0.028933092224231464,,0.023508137432188065,0.04701627486437613,0.034358047016274866,0.0108499095840868,0.009041591320072333,0.0759493670886076,0.0433996383363472,0.04701627486437613
0.009041591320072333,0.03074141048824593,,0.02531645569620253,0.04701627486437613,0.034358047016274866,0.012658227848101266,0.0108499095840868,0.0759493670886076,0.045207956600361664,0.048824593128390596
0.6473118279569893,0.011827956989247311,,0.06666666666666667,0.054838709677419356,0.035483870967741936,0.11935483870967742,0.01827956989247312,0.015053763440860216,0.016129032258064516,0.03978494623655914
0.023255813953488372,0.0033222591362126247,0.03322259136212625,0.013289036544850499,0.0033222591362126247,0.0,0.013289036544850499,0.013289036544850499,0.006644518272425249,0.009966777408637873,0.013289036544850499
0.06966490299823633,0.05584950029394474,,0.2104644326866549,0.0023515579071134627,0.0023515579071134627,0.5799529688418578,0.4706055261610817,0.0029394473838918285,0.0026455026455026454,0.00029394473838918284
0.3804347826086957,0.07373678025851939,,,0.010575793184488837,0.0026439482961222094,,,0.2826086956521739,0.019388954171562868,0.27585193889541715
0.003616636528028933,0.0,,0.0,0.0,0.0,0.0,0.0,0.0018083182640144665,0.0,0.0054249547920434
0.0,0.0,,0.0,0.0,0.0,0.0,0.0,0.0018083182640144665,0.0,0.003616636528028933
0.5529715762273901,0.06459948320413436,,0.20671834625322996,0.03359173126614987,0.007751937984496124,0.5633074935400517,0.24031007751937986,0.0,0.00516795865633075,0.0
0.1791044776119403,0.060945273631840796,,0.048507462686567165,0.004975124378109453,0.0024875621890547263,0.03731343283582089,0.033582089552238806,0.046019900497512436,0.01616915422885572,0.0024875621890547263
0.00684931506849315,0.0273972602739726,0.02054794520547945,0.02054794520547945,0.02054794520547945,0.0273972602739726,0.0136986301369863,0.0136986301369863,0.0136986301369863,0.02054794520547945,0.02054794520547945
0.0,0.0020833333333333333,,0.0,0.0,0.0,0.0,0.0,0.0,0.0,0.0
0.2623762376237624,0.10396039603960396,0.22772277227722773,0.11386138613861387,0.10396039603960396,0.10891089108910891,0.11386138613861387,0.11386138613861387,0.17326732673267325,0.09405940594059406,0.18316831683168316
0.004024144869215292,0.002012072434607646,0.022132796780684104,0.002012072434607646,0.002012072434607646,0.002012072434607646,0.002012072434607646,0.002012072434607646,0.0,0.002012072434607646,0.002012072434607646
0.031598513011152414,0.011152416356877323,0.0724907063197026,0.013011152416356878,0.00929368029739777,0.016728624535315983,0.011152416356877323,0.013011152416356878,0.00929368029739777,0.013011152416356878,0.01858736059479554
0.07222222222222222,0.025,,0.025,0.027777777777777776,0.044444444444444446,0.03333333333333333,0.041666666666666664,0.03611111111111111,0.05,0.044444444444444446
0.08095238095238096,0.0880952380952381,,0.04523809523809524,0.11666666666666667,0.15714285714285714,0.04285714285714286,0.03571428571428571,0.03571428571428571,0.04523809523809524,0.023809523809523808
0.009993337774816789,0.005996002664890073,,0.0036642238507661557,0.001998667554963358,0.004663557628247834,0.004996668887408394,0.0036642238507661557,0.0013324450366422385,0.0029980013324450365,0.007661558960692871
0.0,0.0,0.0,0.0,0.0,0.0,0.0,0.0,0.0,0.0,0.0
0.007233273056057866,0.007233273056057866,0.0,0.0,0.0,0.0,0.0054249547920434,0.0054249547920434,0.0018083182640144665,0.003616636528028933,0.0
0.008898776418242492,0.013348164627363738,,0.012235817575083427,0.01557285873192436,0.013348164627363738,0.010011123470522803,0.008898776418242492,0.01668520578420467,0.014460511679644048,0.02335928809788654
0.02531645569620253,0.006329113924050633,,0.006329113924050633,0.012658227848101266,0.006329113924050633,0.006329113924050633,0.0,0.0,0.012658227848101266,0.0189873417721519
0.026584867075664622,0.010224948875255624,,0.010224948875255624,0.022494887525562373,0.010224948875255624,0.010224948875255624,0.00408997955010225,0.010224948875255624,0.010224948875255624,0.0081799591002045
0.017241379310344827,0.0,,0.0,0.0,0.0,0.0,0.017241379310344827,0.017241379310344827,0.0,0.0
0.010656010656010656,0.005328005328005328,0.02197802197802198,0.007326007326007326,0.00666000666000666,0.0,0.005994005994005994,0.005994005994005994,0.005661005661005661,0.006327006327006327,0.003663003663003663
0.01564945226917058,0.001564945226917058,0.23317683881064163,0.003129890453834116,0.014084507042253521,0.009389671361502348,0.001564945226917058,0.001564945226917058,0.006259780907668232,0.004694835680751174,0.014084507042253521
0.04227642276422764,0.013008130081300813,,0.013008130081300813,0.014634146341463415,0.026016260162601626,0.0943089430894309,0.00975609756097561,0.013008130081300813,0.013008130081300813,0.01951219512195122
0.019417475728155338,0.003236245954692557,0.025889967637540454,0.003236245954692557,0.003236245954692557,0.009708737864077669,0.003236245954692557,0.003236245954692557,0.006472491909385114,0.003236245954692557,0.003236245954692557
0.03319502074688797,0.012448132780082987,0.13278008298755187,0.026970954356846474,0.014522821576763486,0.002074688796680498,0.014522821576763486,0.01867219917012448,0.01037344398340249,0.016597510373443983,0.004149377593360996
0.0,0.0,,0.0,0.0,0.0,0.0,0.0,0.0,0.0,0.0
0.026272577996715927,0.003284072249589491,0.06732348111658457,0.009852216748768473,0.0016420361247947454,0.0016420361247947454,0.006568144499178982,0.006568144499178982,0.0049261083743842365,0.0016420361247947454,0.0
0.08095238095238096,0.009523809523809525,,0.009523809523809525,0.0,0.002380952380952381,0.009523809523809525,0.007142857142857143,0.007142857142857143,0.002380952380952381,0.007142857142857143
0.022058823529411766,0.09558823529411764,0.1323529411764706,0.09558823529411764,0.051470588235294115,0.16911764705882354,0.07352941176470588,0.058823529411764705,0.125,0.07352941176470588,0.0661764705882353
0.38772455089820357,0.010479041916167664,,0.0074850299401197605,0.011976047904191617,0.04491017964071856,0.004491017964071856,0.0029940119760479044,0.004491017964071856,0.011976047904191617,0.0014970059880239522
0.014450867052023121,0.06936416184971098,,0.04046242774566474,0.10115606936416185,0.10982658959537572,0.03757225433526012,0.03468208092485549,0.10115606936416185,0.11271676300578035,0.18786127167630057
0.002881844380403458,0.0009606147934678194,0.025936599423631124,0.0019212295869356388,0.002881844380403458,0.007684918347742555,0.0019212295869356388,0.0019212295869356388,0.005763688760806916,0.002881844380403458,0.005763688760806916
0.0,0.0,0.0035294117647058825,0.0,0.0,0.002352941176470588,0.0,0.0,0.0,0.0,0.001176470588235294
0.0410958904109589,0.024657534246575342,,0.010958904109589041,0.01643835616438356,0.08493150684931507,0.00821917808219178,0.00821917808219178,0.005479452054794521,0.00821917808219178,0.00821917808219178
0.2088235294117647,0.026470588235294117,0.5441176470588235,0.03529411764705882,0.026470588235294117,0.01764705882352941,0.026470588235294117,0.029411764705882353,0.026470588235294117,0.026470588235294117,0.029411764705882353
0.01809954751131222,0.016591251885369532,0.10105580693815988,0.015082956259426848,0.007541478129713424,0.00904977375565611,0.010558069381598794,0.012066365007541479,0.00904977375565611,0.012066365007541479,0.007541478129713424
0.00639386189258312,0.00639386189258312,0.0038363171355498722,0.005115089514066497,0.005115089514066497,0.011508951406649617,0.0076726342710997444,0.0076726342710997444,0.0025575447570332483,0.0076726342710997444,0.00639386189258312
0.009819324430479183,0.015710919088766692,,0.014139827179890024,0.018460329929300863,0.06755695208169678,0.018067556952081697,0.015710919088766692,0.003534956794972506,0.015710919088766692,0.01021209740769835
0.0,0.011363636363636364,,0.0,0.0,0.022727272727272728,0.0,0.0,0.022727272727272728,0.0,0.056818181818181816
0.03626943005181347,0.031088082901554404,0.19948186528497408,0.03626943005181347,0.03367875647668394,0.05699481865284974,0.03367875647668394,0.03626943005181347,0.03626943005181347,0.031088082901554404,0.06994818652849741
0.010248901903367497,0.005270863836017569,0.0849194729136164,0.00644216691068814,0.005270863836017569,0.007027818448023426,0.005563689604685213,0.007027818448023426,0.006149341142020498,0.007906295754026354,0.019912152269399706
0.0020408163265306124,0.004081632653061225,0.0326530612244898,0.0020408163265306124,0.0,0.0,0.0020408163265306124,0.0020408163265306124,0.0,0.004081632653061225,0.0
0.0,0.0,0.17291666666666666,0.0,0.0,0.0,0.0,0.0,0.0,0.0,0.0
0.012195121951219513,0.0,0.04878048780487805,0.0,0.0,0.0,0.0,0.0,0.0,0.0,0.0
0.024154589371980676,0.033816425120772944,0.4830917874396135,0.028985507246376812,0.028985507246376812,0.00966183574879227,0.03140096618357488,0.03140096618357488,0.024154589371980676,0.026570048309178744,0.021739130434782608
,,,,,,,,,,
0.006622516556291391,0.013245033112582781,,0.013245033112582781,0.013245033112582781,0.013245033112582781,0.013245033112582781,0.013245033112582781,0.033112582781456956,0.013245033112582781,0.026490066225165563
0.0196078431372549,0.01680672268907563,,0.008403361344537815,0.008403361344537815,0.014005602240896359,0.011204481792717087,0.008403361344537815,0.0392156862745098,0.011204481792717087,0.0056022408963585435
0.29120879120879123,0.027472527472527472,,0.02197802197802198,0.016483516483516484,0.01098901098901099,0.027472527472527472,0.027472527472527472,0.01098901098901099,0.01098901098901099,0.0
